timestamp,open,high,low,close,volume
2025-05-22 15:00:00,1.181,1.197,1.153,1.161,6736836.7
2025-05-22 16:00:00,1.161,1.177,1.148,1.155,3234802.46
2025-05-22 17:00:00,1.155,1.186,1.151,1.175,2871046.2
2025-05-22 18:00:00,1.174,1.177,1.157,1.16,2837812.35
2025-05-22 19:00:00,1.16,1.163,1.136,1.143,3290478.4
2025-05-22 20:00:00,1.144,1.165,1.138,1.143,2414489.8
2025-05-22 21:00:00,1.142,1.142,1.13,1.139,1906256.73
2025-05-22 22:00:00,1.14,1.201,1.139,1.171,5161625.98
2025-05-22 23:00:00,1.171,1.201,1.171,1.201,3200659.43
2025-05-23 00:00:00,1.201,1.255,1.187,1.235,9971375.9
2025-05-23 01:00:00,1.234,1.31,1.234,1.306,12133478.0
2025-05-23 02:00:00,1.306,1.361,1.298,1.319,15871277.91
2025-05-23 03:00:00,1.319,1.393,1.317,1.357,11716534.12
2025-05-23 04:00:00,1.357,1.37,1.319,1.321,8784239.34
2025-05-23 05:00:00,1.321,1.326,1.278,1.298,8037845.32
2025-05-23 06:00:00,1.298,1.299,1.209,1.231,14629296.65
2025-05-23 07:00:00,1.231,1.244,1.211,1.218,5437330.0
2025-05-23 08:00:00,1.219,1.276,1.218,1.259,8793625.62
2025-05-23 09:00:00,1.259,1.292,1.247,1.278,6868095.62
2025-05-23 10:00:00,1.278,1.279,1.242,1.257,4158540.77
2025-05-23 11:00:00,1.257,1.26,1.161,1.171,22106370.56
2025-05-23 12:00:00,1.172,1.173,1.112,1.152,25888691.12
2025-05-23 13:00:00,1.153,1.207,1.147,1.205,12891321.11
2025-05-23 14:00:00,1.204,1.239,1.203,1.22,9313050.02
2025-05-23 15:00:00,1.22,1.232,1.166,1.167,7908102.48
2025-05-23 16:00:00,1.167,1.198,1.155,1.192,8783011.74
2025-05-23 17:00:00,1.192,1.211,1.182,1.196,5545572.9
2025-05-23 18:00:00,1.196,1.206,1.17,1.179,4202272.42
2025-05-23 19:00:00,1.179,1.193,1.167,1.174,2713823.11
2025-05-23 20:00:00,1.173,1.175,1.156,1.16,2584242.66
2025-05-23 21:00:00,1.16,1.181,1.156,1.164,3072748.25
2025-05-23 22:00:00,1.165,1.17,1.129,1.13,4209186.64
2025-05-23 23:00:00,1.13,1.138,1.102,1.113,7566332.14
2025-05-24 00:00:00,1.114,1.149,1.105,1.134,5837781.12
2025-05-24 01:00:00,1.133,1.15,1.126,1.134,3004080.9
2025-05-24 02:00:00,1.134,1.148,1.129,1.143,1610020.85
2025-05-24 03:00:00,1.143,1.167,1.136,1.156,4087234.29
2025-05-24 04:00:00,1.155,1.173,1.152,1.16,2345232.09
2025-05-24 05:00:00,1.16,1.16,1.132,1.142,2079062.56
2025-05-24 06:00:00,1.142,1.146,1.117,1.129,2092182.87
2025-05-24 07:00:00,1.129,1.14,1.102,1.115,3906053.75
2025-05-24 08:00:00,1.115,1.119,1.088,1.113,4157830.68
2025-05-24 09:00:00,1.113,1.128,1.102,1.114,3099652.46
2025-05-24 10:00:00,1.114,1.14,1.109,1.133,3804322.74
2025-05-24 11:00:00,1.133,1.144,1.125,1.129,3177286.52
2025-05-24 12:00:00,1.13,1.133,1.113,1.123,2417371.71
2025-05-24 13:00:00,1.123,1.125,1.099,1.101,5954810.34
2025-05-24 14:00:00,1.101,1.121,1.096,1.118,3103639.38
2025-05-24 15:00:00,1.118,1.121,1.085,1.11,4089152.62
2025-05-24 16:00:00,1.11,1.11,1.082,1.102,3619595.57
2025-05-24 17:00:00,1.102,1.121,1.094,1.102,2204699.27
2025-05-24 18:00:00,1.102,1.117,1.092,1.096,1950274.17
2025-05-24 19:00:00,1.095,1.115,1.092,1.11,1498053.36
2025-05-24 20:00:00,1.11,1.128,1.102,1.108,1967364.14
2025-05-24 21:00:00,1.108,1.113,1.096,1.103,1631315.46
2025-05-24 22:00:00,1.104,1.105,1.089,1.096,1501035.87
2025-05-24 23:00:00,1.097,1.127,1.09,1.119,2135907.29
2025-05-25 00:00:00,1.119,1.136,1.093,1.098,4111102.83
2025-05-25 01:00:00,1.098,1.113,1.08,1.086,2888459.95
2025-05-25 02:00:00,1.086,1.101,1.072,1.09,3352913.16
2025-05-25 03:00:00,1.09,1.113,1.089,1.101,1778982.73
2025-05-25 04:00:00,1.101,1.102,1.08,1.1,2485837.25
2025-05-25 05:00:00,1.1,1.113,1.091,1.11,1386819.49
2025-05-25 06:00:00,1.11,1.112,1.098,1.099,1841204.89
2025-05-25 07:00:00,1.099,1.099,1.058,1.077,12338739.78
2025-05-25 08:00:00,1.077,1.078,1.056,1.061,3080155.92
2025-05-25 09:00:00,1.06,1.075,1.056,1.07,2074898.9
2025-05-25 10:00:00,1.07,1.077,1.061,1.063,1845383.84
2025-05-25 11:00:00,1.064,1.071,1.058,1.064,1081972.16
2025-05-25 12:00:00,1.064,1.08,1.051,1.075,3523642.89
2025-05-25 13:00:00,1.075,1.079,1.056,1.058,2037664.64
2025-05-25 14:00:00,1.058,1.064,1.036,1.041,2780872.11
2025-05-25 15:00:00,1.042,1.046,1.01,1.033,6789461.08
2025-05-25 16:00:00,1.034,1.034,1.016,1.028,1237880.53
2025-05-25 17:00:00,1.027,1.046,1.027,1.043,1362267.11
2025-05-25 18:00:00,1.043,1.049,1.037,1.042,1094499.4
2025-05-25 19:00:00,1.041,1.062,1.039,1.056,1959026.77
2025-05-25 20:00:00,1.056,1.058,1.043,1.047,974020.66
2025-05-25 21:00:00,1.047,1.056,1.041,1.049,777050.13
2025-05-25 22:00:00,1.049,1.106,1.046,1.103,8949308.25
2025-05-25 23:00:00,1.103,1.109,1.082,1.103,3033056.98
2025-05-26 00:00:00,1.104,1.199,1.104,1.176,9373077.74
2025-05-26 01:00:00,1.177,1.179,1.14,1.161,7088941.45
2025-05-26 02:00:00,1.161,1.162,1.131,1.136,4424265.99
2025-05-26 03:00:00,1.135,1.15,1.131,1.136,2557164.33
2025-05-26 04:00:00,1.136,1.14,1.127,1.135,2462298.55
2025-05-26 05:00:00,1.136,1.159,1.133,1.154,2593773.66
2025-05-26 06:00:00,1.153,1.161,1.147,1.15,2894187.04
2025-05-26 07:00:00,1.15,1.173,1.145,1.171,5228012.06
2025-05-26 08:00:00,1.171,1.176,1.137,1.139,2476137.78
2025-05-26 09:00:00,1.139,1.156,1.136,1.139,1875933.26
2025-05-26 10:00:00,1.14,1.144,1.128,1.136,1177218.9
2025-05-26 11:00:00,1.136,1.137,1.118,1.127,1563886.07
2025-05-26 12:00:00,1.127,1.145,1.118,1.14,1845111.01
2025-05-26 13:00:00,1.14,1.151,1.122,1.126,2794368.96
2025-05-26 14:00:00,1.126,1.129,1.101,1.114,2609613.81
2025-05-26 15:00:00,1.115,1.146,1.104,1.137,5031675.11
2025-05-26 16:00:00,1.138,1.157,1.112,1.119,5554129.9
2025-05-26 17:00:00,1.119,1.128,1.104,1.108,2126523.16
2025-05-26 18:00:00,1.107,1.128,1.104,1.115,1336043.76
2025-05-26 19:00:00,1.116,1.121,1.108,1.112,825774.12
2025-05-26 20:00:00,1.111,1.132,1.106,1.125,1238577.34
2025-05-26 21:00:00,1.125,1.127,1.109,1.121,908855.83
2025-05-26 22:00:00,1.121,1.14,1.112,1.113,1237999.58
2025-05-26 23:00:00,1.113,1.134,1.108,1.125,1822684.67
2025-05-27 00:00:00,1.126,1.145,1.123,1.127,2250266.03
2025-05-27 01:00:00,1.126,1.126,1.055,1.099,8131091.62
2025-05-27 02:00:00,1.098,1.111,1.096,1.1,2129429.26
2025-05-27 03:00:00,1.1,1.127,1.1,1.119,1483238.24
2025-05-27 04:00:00,1.119,1.121,1.105,1.109,1151055.95
2025-05-27 05:00:00,1.109,1.113,1.096,1.11,1216304.05
2025-05-27 06:00:00,1.111,1.128,1.106,1.107,2957036.14
2025-05-27 07:00:00,1.108,1.126,1.106,1.122,2543326.87
2025-05-27 08:00:00,1.123,1.136,1.116,1.135,7879411.5
2025-05-27 09:00:00,1.135,1.139,1.118,1.138,2293998.87
2025-05-27 10:00:00,1.139,1.145,1.129,1.138,2834418.91
2025-05-27 11:00:00,1.138,1.139,1.119,1.132,2091884.9
2025-05-27 12:00:00,1.132,1.153,1.127,1.143,4370668.93
2025-05-27 13:00:00,1.144,1.162,1.123,1.124,6583367.56
2025-05-27 14:00:00,1.123,1.134,1.107,1.115,4047997.73
2025-05-27 15:00:00,1.115,1.139,1.108,1.138,1908891.4
2025-05-27 16:00:00,1.138,1.156,1.128,1.144,3655879.72
2025-05-27 17:00:00,1.144,1.163,1.141,1.147,2886321.64
2025-05-27 18:00:00,1.148,1.158,1.142,1.144,1511817.92
2025-05-27 19:00:00,1.144,1.146,1.133,1.136,1217418.15
2025-05-27 20:00:00,1.137,1.145,1.125,1.132,1135790.04
2025-05-27 21:00:00,1.133,1.136,1.112,1.114,1399540.62
2025-05-27 22:00:00,1.114,1.12,1.095,1.104,7959675.29
2025-05-27 23:00:00,1.103,1.112,1.1,1.109,1241418.66
2025-05-28 00:00:00,1.109,1.132,1.095,1.13,3654587.37
2025-05-28 01:00:00,1.13,1.133,1.107,1.109,3180695.78
2025-05-28 02:00:00,1.108,1.109,1.089,1.095,4000501.35
2025-05-28 03:00:00,1.095,1.107,1.089,1.101,1923649.41
2025-05-28 04:00:00,1.101,1.105,1.091,1.1,1737148.47
2025-05-28 05:00:00,1.099,1.107,1.09,1.103,1371984.63
2025-05-28 06:00:00,1.102,1.102,1.082,1.089,2788510.12
2025-05-28 07:00:00,1.088,1.097,1.085,1.089,1113957.0
2025-05-28 08:00:00,1.088,1.098,1.085,1.092,1322257.54
2025-05-28 09:00:00,1.092,1.092,1.075,1.081,1811630.29
2025-05-28 10:00:00,1.081,1.098,1.072,1.097,1334262.93
2025-05-28 11:00:00,1.097,1.109,1.092,1.106,1801475.43
2025-05-28 12:00:00,1.106,1.129,1.101,1.122,4443318.83
2025-05-28 13:00:00,1.123,1.132,1.103,1.106,5679283.93
2025-05-28 14:00:00,1.105,1.111,1.084,1.084,3134830.76
2025-05-28 15:00:00,1.083,1.087,1.056,1.068,5244988.25
2025-05-28 16:00:00,1.069,1.104,1.067,1.093,2627952.75
2025-05-28 17:00:00,1.093,1.117,1.093,1.108,2246106.67
2025-05-28 18:00:00,1.109,1.123,1.099,1.102,2864312.97
2025-05-28 19:00:00,1.101,1.118,1.091,1.093,2111822.81
2025-05-28 20:00:00,1.094,1.116,1.089,1.114,1951132.21
2025-05-28 21:00:00,1.114,1.121,1.108,1.117,1326678.39
2025-05-28 22:00:00,1.117,1.12,1.1,1.112,1204956.83
2025-05-28 23:00:00,1.112,1.136,1.112,1.123,3110889.35
2025-05-29 00:00:00,1.124,1.139,1.11,1.139,5950199.92
2025-05-29 01:00:00,1.139,1.147,1.125,1.139,5476244.05
2025-05-29 02:00:00,1.14,1.185,1.132,1.179,6882273.67
2025-05-29 03:00:00,1.179,1.185,1.131,1.138,5227423.46
2025-05-29 04:00:00,1.139,1.145,1.096,1.113,6000550.26
2025-05-29 05:00:00,1.114,1.124,1.108,1.119,2738875.4
2025-05-29 06:00:00,1.118,1.126,1.113,1.116,1394127.21
2025-05-29 07:00:00,1.117,1.118,1.108,1.11,2167440.94
2025-05-29 08:00:00,1.11,1.12,1.101,1.116,2961646.62
2025-05-29 09:00:00,1.116,1.123,1.107,1.115,1840983.72
2025-05-29 10:00:00,1.116,1.117,1.103,1.113,1212898.7
2025-05-29 11:00:00,1.114,1.118,1.103,1.108,1810631.93
2025-05-29 12:00:00,1.107,1.107,1.088,1.096,2446360.5
2025-05-29 13:00:00,1.096,1.103,1.085,1.095,1420775.34
2025-05-29 14:00:00,1.094,1.096,1.064,1.089,7135755.52
2025-05-29 15:00:00,1.088,1.09,1.075,1.078,1558448.84
2025-05-29 16:00:00,1.079,1.084,1.068,1.072,2178604.15
2025-05-29 17:00:00,1.071,1.083,1.068,1.077,2036975.96
2025-05-29 18:00:00,1.077,1.088,1.068,1.069,1573313.97
2025-05-29 19:00:00,1.07,1.074,1.053,1.062,2955728.0
2025-05-29 20:00:00,1.061,1.07,1.06,1.068,1231537.97
2025-05-29 21:00:00,1.068,1.082,1.065,1.08,662645.44
2025-05-29 22:00:00,1.08,1.081,1.063,1.063,546643.91
2025-05-29 23:00:00,1.062,1.068,1.045,1.056,2000032.58
2025-05-30 00:00:00,1.055,1.064,0.978,0.996,15548545.19
2025-05-30 01:00:00,0.997,1.029,0.992,1.021,4515918.31
2025-05-30 02:00:00,1.02,1.042,1.017,1.032,2703615.53
2025-05-30 03:00:00,1.031,1.034,1.026,1.026,1334783.76
2025-05-30 04:00:00,1.027,1.028,1.018,1.024,926385.29
2025-05-30 05:00:00,1.024,1.032,1.015,1.022,1091051.37
2025-05-30 06:00:00,1.022,1.022,0.995,1.004,1701648.88
2025-05-30 07:00:00,1.004,1.016,1.002,1.006,1668811.23
2025-05-30 08:00:00,1.006,1.015,0.995,1.008,1551437.7
2025-05-30 09:00:00,1.008,1.017,0.994,1.016,1827082.31
2025-05-30 10:00:00,1.015,1.02,1.003,1.015,1713020.93
2025-05-30 11:00:00,1.015,1.033,1.014,1.023,1633129.0
2025-05-30 12:00:00,1.023,1.029,0.998,1.006,3136154.24
2025-05-30 13:00:00,1.007,1.009,0.983,0.988,3298265.44
2025-05-30 14:00:00,0.988,1.0,0.98,0.994,2413140.96
2025-05-30 15:00:00,0.994,1.007,0.989,0.99,1385558.2
2025-05-30 16:00:00,0.99,0.996,0.926,0.952,14654010.91
2025-05-30 17:00:00,0.952,0.957,0.937,0.95,2725465.75
2025-05-30 18:00:00,0.95,0.966,0.944,0.962,1728008.72
2025-05-30 19:00:00,0.962,0.967,0.954,0.958,1004325.93
2025-05-30 20:00:00,0.958,0.96,0.945,0.946,886727.79
2025-05-30 21:00:00,0.945,0.955,0.94,0.943,797414.25
2025-05-30 22:00:00,0.944,0.948,0.901,0.901,4011124.37
2025-05-30 23:00:00,0.902,0.908,0.884,0.887,4428964.65
2025-05-31 00:00:00,0.888,0.892,0.845,0.854,6211965.24
2025-05-31 01:00:00,0.854,0.868,0.831,0.847,5343182.19
2025-05-31 02:00:00,0.846,0.857,0.826,0.83,2785172.33
2025-05-31 03:00:00,0.83,0.84,0.821,0.834,2862768.82
2025-05-31 04:00:00,0.834,0.849,0.817,0.849,8528077.63
2025-05-31 05:00:00,0.848,0.852,0.815,0.817,6203907.72
2025-05-31 06:00:00,0.817,0.826,0.813,0.818,9125928.22
2025-05-31 07:00:00,0.818,0.833,0.811,0.828,4158673.34
2025-05-31 08:00:00,0.828,0.831,0.81,0.819,3786867.89
2025-05-31 09:00:00,0.819,0.827,0.804,0.812,3479870.44
2025-05-31 10:00:00,0.811,0.819,0.786,0.799,8474638.56
2025-05-31 11:00:00,0.799,0.8,0.787,0.793,3227084.09
2025-05-31 12:00:00,0.793,0.828,0.789,0.827,5997094.59
2025-05-31 13:00:00,0.827,0.84,0.811,0.82,8263325.1
2025-05-31 14:00:00,0.819,0.847,0.818,0.84,8879399.09
2025-05-31 15:00:00,0.839,0.856,0.83,0.836,6205767.52
2025-05-31 16:00:00,0.836,0.863,0.833,0.855,4800366.71
2025-05-31 17:00:00,0.854,0.859,0.842,0.843,2546674.09
2025-05-31 18:00:00,0.844,0.857,0.842,0.848,1220575.95
2025-05-31 19:00:00,0.849,0.874,0.848,0.866,3329954.79
2025-05-31 20:00:00,0.867,0.87,0.854,0.857,1839833.24
2025-05-31 21:00:00,0.857,0.865,0.852,0.858,3280918.52
2025-05-31 22:00:00,0.858,0.86,0.849,0.849,1842041.12
2025-05-31 23:00:00,0.85,0.863,0.846,0.851,2259501.43
2025-06-01 00:00:00,0.852,0.859,0.845,0.851,1356345.96
2025-06-01 01:00:00,0.851,0.859,0.838,0.845,2156796.05
2025-06-01 02:00:00,0.844,0.858,0.833,0.853,2898303.94
2025-06-01 03:00:00,0.854,0.854,0.837,0.839,1420309.84
2025-06-01 04:00:00,0.839,0.854,0.837,0.85,1309458.0
2025-06-01 05:00:00,0.85,0.853,0.832,0.836,1897083.8
2025-06-01 06:00:00,0.836,0.843,0.832,0.835,1150929.84
2025-06-01 07:00:00,0.835,0.844,0.831,0.842,855393.72
2025-06-01 08:00:00,0.842,0.843,0.831,0.838,1594096.14
2025-06-01 09:00:00,0.838,0.841,0.814,0.825,3455495.54
2025-06-01 10:00:00,0.824,0.828,0.813,0.823,1565089.33
2025-06-01 11:00:00,0.822,0.834,0.819,0.83,1635874.75
2025-06-01 12:00:00,0.83,0.83,0.815,0.819,1863056.09
2025-06-01 13:00:00,0.818,0.831,0.817,0.825,1482100.07
2025-06-01 14:00:00,0.824,0.853,0.824,0.841,3290916.42
2025-06-01 15:00:00,0.842,0.853,0.839,0.846,1609921.04
2025-06-01 16:00:00,0.846,0.871,0.845,0.86,4859669.44
2025-06-01 17:00:00,0.86,0.869,0.849,0.859,2444575.32
2025-06-01 18:00:00,0.859,0.859,0.839,0.852,1676764.33
2025-06-01 19:00:00,0.853,0.87,0.852,0.868,1494064.97
2025-06-01 20:00:00,0.868,0.875,0.855,0.865,1173903.2
2025-06-01 21:00:00,0.866,0.885,0.864,0.882,1874540.36
2025-06-01 22:00:00,0.883,0.889,0.871,0.874,3013969.19
2025-06-01 23:00:00,0.873,0.882,0.869,0.874,1585358.02
2025-06-02 00:00:00,0.874,0.883,0.872,0.878,3155456.61
2025-06-02 01:00:00,0.878,0.892,0.878,0.879,2156672.1
2025-06-02 02:00:00,0.88,0.881,0.861,0.864,2549510.2
2025-06-02 03:00:00,0.865,0.867,0.856,0.862,2052698.91
2025-06-02 04:00:00,0.861,0.866,0.853,0.854,1167110.78
2025-06-02 05:00:00,0.854,0.864,0.85,0.858,1164052.46
2025-06-02 06:00:00,0.858,0.868,0.85,0.862,1662628.21
2025-06-02 07:00:00,0.863,0.874,0.862,0.865,1254002.85
2025-06-02 08:00:00,0.865,0.875,0.85,0.854,2173155.35
2025-06-02 09:00:00,0.854,0.854,0.842,0.847,2957005.19
2025-06-02 10:00:00,0.847,0.855,0.842,0.849,1868533.6
2025-06-02 11:00:00,0.849,0.855,0.846,0.85,1304760.56
2025-06-02 12:00:00,0.85,0.862,0.841,0.858,1448512.6
2025-06-02 13:00:00,0.859,0.866,0.843,0.845,2151846.03
2025-06-02 14:00:00,0.845,0.868,0.84,0.854,2829645.13
2025-06-02 15:00:00,0.855,0.865,0.844,0.86,2027066.75
2025-06-02 16:00:00,0.86,0.862,0.848,0.858,1892430.68
2025-06-02 17:00:00,0.858,0.868,0.849,0.867,1503659.64
2025-06-02 18:00:00,0.867,0.888,0.866,0.871,2502294.16
2025-06-02 19:00:00,0.871,0.882,0.856,0.866,1549319.16
2025-06-02 20:00:00,0.867,0.93,0.867,0.927,5539865.64
2025-06-02 21:00:00,0.928,0.956,0.919,0.954,8045934.41
2025-06-02 22:00:00,0.954,0.967,0.947,0.948,8782034.6
2025-06-02 23:00:00,0.949,0.961,0.942,0.948,4970365.78
2025-06-03 00:00:00,0.948,0.972,0.94,0.966,5939416.0
2025-06-03 01:00:00,0.966,1.004,0.963,1.002,7442034.87
2025-06-03 02:00:00,1.002,1.003,0.962,0.966,5381581.49
2025-06-03 03:00:00,0.966,0.972,0.955,0.968,3659461.49
2025-06-03 04:00:00,0.968,0.971,0.954,0.958,2443084.14
2025-06-03 05:00:00,0.958,0.969,0.954,0.966,2223507.94
2025-06-03 06:00:00,0.965,0.971,0.955,0.971,1313848.87
2025-06-03 07:00:00,0.971,0.983,0.97,0.976,2605646.73
2025-06-03 08:00:00,0.976,0.981,0.961,0.978,1989958.3
2025-06-03 09:00:00,0.979,0.988,0.969,0.981,2505016.6
2025-06-03 10:00:00,0.981,0.993,0.977,0.985,4812779.01
2025-06-03 11:00:00,0.986,0.995,0.982,0.987,3123632.12
2025-06-03 12:00:00,0.986,0.999,0.979,0.992,3408763.33
2025-06-03 13:00:00,0.992,1.009,0.983,0.987,8130742.64
2025-06-03 14:00:00,0.988,1.009,0.978,1.009,5919407.04
2025-06-03 15:00:00,1.008,1.048,1.001,1.042,14760370.03
2025-06-03 16:00:00,1.041,1.045,1.007,1.009,8567073.42
2025-06-03 17:00:00,1.009,1.037,1.007,1.021,2832722.15
2025-06-03 18:00:00,1.022,1.022,1.0,1.014,4020858.02
2025-06-03 19:00:00,1.013,1.039,1.012,1.03,2827693.61
2025-06-03 20:00:00,1.031,1.031,0.983,0.995,7726386.59
2025-06-03 21:00:00,0.994,1.001,0.963,0.97,4759905.08
2025-06-03 22:00:00,0.971,0.991,0.969,0.979,3849046.14
2025-06-03 23:00:00,0.98,0.989,0.968,0.972,4815900.86
2025-06-04 00:00:00,0.972,0.983,0.959,0.979,1916123.1
2025-06-04 01:00:00,0.979,0.996,0.976,0.978,2691097.88
2025-06-04 02:00:00,0.978,0.985,0.971,0.971,2089967.87
2025-06-04 03:00:00,0.972,0.987,0.971,0.975,2284350.94
2025-06-04 04:00:00,0.974,0.979,0.965,0.974,3283374.07
2025-06-04 05:00:00,0.974,0.981,0.968,0.973,1382552.18
2025-06-04 06:00:00,0.974,0.99,0.968,0.979,5525268.99
2025-06-04 07:00:00,0.979,0.983,0.968,0.974,1145187.55
2025-06-04 08:00:00,0.975,0.988,0.972,0.974,1791405.4
2025-06-04 09:00:00,0.974,0.985,0.968,0.982,2265649.74
2025-06-04 10:00:00,0.981,0.984,0.962,0.964,2555837.1
2025-06-04 11:00:00,0.963,0.969,0.956,0.958,2667014.93
2025-06-04 12:00:00,0.958,0.961,0.945,0.953,4227138.91
2025-06-04 13:00:00,0.953,0.965,0.947,0.952,1815326.25
2025-06-04 14:00:00,0.952,0.965,0.943,0.962,2596633.0
2025-06-04 15:00:00,0.963,0.968,0.952,0.964,2545592.19
2025-06-04 16:00:00,0.964,0.965,0.943,0.95,7920207.49
2025-06-04 17:00:00,0.951,0.951,0.924,0.929,2891825.86
2025-06-04 18:00:00,0.93,0.934,0.926,0.926,1133371.57
2025-06-04 19:00:00,0.926,0.93,0.916,0.917,1838960.62
2025-06-04 20:00:00,0.916,0.917,0.889,0.895,3792850.55
2025-06-04 21:00:00,0.894,0.905,0.882,0.897,2423496.08
2025-06-04 22:00:00,0.897,0.899,0.884,0.89,1758633.15
2025-06-04 23:00:00,0.89,0.892,0.879,0.881,1427363.48
2025-06-05 00:00:00,0.881,0.896,0.879,0.895,2645760.44
2025-06-05 01:00:00,0.895,0.9,0.881,0.885,2591491.5
2025-06-05 02:00:00,0.885,0.898,0.885,0.885,2368030.08
2025-06-05 03:00:00,0.885,0.888,0.88,0.883,1507404.86
2025-06-05 04:00:00,0.884,0.889,0.88,0.886,792744.61
2025-06-05 05:00:00,0.886,0.887,0.872,0.877,1433463.23
2025-06-05 06:00:00,0.876,0.888,0.876,0.878,1564224.05
2025-06-05 07:00:00,0.879,0.891,0.876,0.881,3011460.69
2025-06-05 08:00:00,0.881,0.887,0.876,0.88,1895888.18
2025-06-05 09:00:00,0.879,0.887,0.875,0.879,1203668.86
2025-06-05 10:00:00,0.878,0.878,0.863,0.871,2157967.85
2025-06-05 11:00:00,0.871,0.873,0.864,0.873,1717505.0
2025-06-05 12:00:00,0.872,0.895,0.87,0.891,4367669.55
2025-06-05 13:00:00,0.891,0.9,0.859,0.864,5450245.5
2025-06-05 14:00:00,0.864,0.872,0.844,0.867,7348031.6
2025-06-05 15:00:00,0.866,0.869,0.856,0.859,1881883.23
2025-06-05 16:00:00,0.858,0.86,0.827,0.836,7968329.01
2025-06-05 17:00:00,0.835,0.845,0.832,0.84,4120786.55
2025-06-05 18:00:00,0.839,0.842,0.828,0.835,2560999.87
2025-06-05 19:00:00,0.835,0.837,0.805,0.823,11481512.7
2025-06-05 20:00:00,0.824,0.825,0.796,0.798,10118161.11
2025-06-05 21:00:00,0.798,0.839,0.798,0.834,8568113.43
2025-06-05 22:00:00,0.834,0.834,0.821,0.827,3453210.54
2025-06-05 23:00:00,0.827,0.834,0.825,0.826,1904789.14
2025-06-06 00:00:00,0.826,0.829,0.811,0.823,3704870.09
2025-06-06 01:00:00,0.823,0.829,0.817,0.826,1737459.12
2025-06-06 02:00:00,0.826,0.834,0.817,0.832,1972344.44
2025-06-06 03:00:00,0.833,0.835,0.825,0.831,2376481.99
2025-06-06 04:00:00,0.832,0.838,0.827,0.835,2468986.56
2025-06-06 05:00:00,0.835,0.846,0.834,0.84,2177220.87
2025-06-06 06:00:00,0.839,0.852,0.838,0.851,1877636.5
2025-06-06 07:00:00,0.851,0.861,0.843,0.844,3227819.58
2025-06-06 08:00:00,0.845,0.855,0.84,0.85,2092114.67
2025-06-06 09:00:00,0.851,0.857,0.845,0.847,2212121.43
2025-06-06 10:00:00,0.847,0.853,0.844,0.846,1559486.64
2025-06-06 11:00:00,0.846,0.85,0.839,0.843,2908916.41
2025-06-06 12:00:00,0.843,0.856,0.84,0.845,3613463.75
2025-06-06 13:00:00,0.845,0.871,0.845,0.855,4876210.46
2025-06-06 14:00:00,0.856,0.88,0.854,0.872,4039158.87
2025-06-06 15:00:00,0.872,0.883,0.854,0.863,3671446.63
2025-06-06 16:00:00,0.863,0.87,0.847,0.851,2911105.89
2025-06-06 17:00:00,0.851,0.851,0.829,0.841,3956924.32
2025-06-06 18:00:00,0.841,0.842,0.824,0.826,2645929.03
2025-06-06 19:00:00,0.826,0.829,0.818,0.82,1673679.78
2025-06-06 20:00:00,0.821,0.835,0.818,0.825,1756549.53
2025-06-06 21:00:00,0.824,0.83,0.821,0.823,828803.51
2025-06-06 22:00:00,0.823,0.824,0.812,0.82,1167063.99
2025-06-06 23:00:00,0.82,0.822,0.812,0.814,1173818.04
2025-06-07 00:00:00,0.814,0.839,0.812,0.838,1781218.4
2025-06-07 01:00:00,0.838,0.847,0.832,0.837,1642561.46
2025-06-07 02:00:00,0.838,0.847,0.836,0.844,987467.69
2025-06-07 03:00:00,0.843,0.871,0.84,0.869,1677129.97
2025-06-07 04:00:00,0.869,0.885,0.863,0.884,2245219.82
2025-06-07 05:00:00,0.885,0.895,0.874,0.887,2379884.95
2025-06-07 06:00:00,0.888,0.925,0.887,0.924,3559178.57
2025-06-07 07:00:00,0.924,0.924,0.9,0.902,4315293.24
2025-06-07 08:00:00,0.901,0.905,0.891,0.891,2207124.2
2025-06-07 09:00:00,0.892,0.894,0.869,0.877,2347832.01
2025-06-07 10:00:00,0.877,0.889,0.873,0.881,2501178.52
2025-06-07 11:00:00,0.881,0.886,0.877,0.882,1315260.34
2025-06-07 12:00:00,0.882,0.888,0.878,0.878,2146021.31
2025-06-07 13:00:00,0.878,0.884,0.873,0.875,1656120.76
2025-06-07 14:00:00,0.876,0.885,0.873,0.876,1483387.93
2025-06-07 15:00:00,0.876,0.88,0.868,0.872,1228123.8
2025-06-07 16:00:00,0.873,0.876,0.855,0.859,2030574.11
2025-06-07 17:00:00,0.859,0.866,0.852,0.853,1361916.15
2025-06-07 18:00:00,0.853,0.865,0.852,0.861,1047714.55
2025-06-07 19:00:00,0.861,0.869,0.86,0.865,1098184.96
2025-06-07 20:00:00,0.865,0.87,0.861,0.864,548790.34
2025-06-07 21:00:00,0.864,0.874,0.863,0.874,810120.12
2025-06-07 22:00:00,0.874,0.88,0.869,0.875,982040.86
2025-06-07 23:00:00,0.875,0.876,0.87,0.872,983763.45
2025-06-08 00:00:00,0.873,0.879,0.866,0.876,715564.61
2025-06-08 01:00:00,0.876,0.892,0.872,0.891,1035531.58
2025-06-08 02:00:00,0.892,0.892,0.876,0.879,1476788.58
2025-06-08 03:00:00,0.879,0.879,0.87,0.872,949088.44
2025-06-08 04:00:00,0.872,0.877,0.868,0.872,762453.44
2025-06-08 05:00:00,0.873,0.874,0.86,0.863,565740.34
2025-06-08 06:00:00,0.862,0.868,0.857,0.857,1304772.19
2025-06-08 07:00:00,0.857,0.86,0.851,0.853,762067.93
2025-06-08 08:00:00,0.853,0.863,0.853,0.858,663676.19
2025-06-08 09:00:00,0.858,0.859,0.84,0.845,2640744.42
2025-06-08 10:00:00,0.845,0.853,0.842,0.847,1445128.86
2025-06-08 11:00:00,0.846,0.864,0.845,0.862,2241645.68
2025-06-08 12:00:00,0.861,0.864,0.849,0.854,1300770.54
2025-06-08 13:00:00,0.855,0.868,0.848,0.853,2262856.43
2025-06-08 14:00:00,0.854,0.869,0.852,0.866,1041797.02
2025-06-08 15:00:00,0.866,0.877,0.866,0.87,1389831.24
2025-06-08 16:00:00,0.871,0.901,0.868,0.892,3369587.36
2025-06-08 17:00:00,0.893,0.91,0.891,0.892,2112013.58
2025-06-08 18:00:00,0.892,0.899,0.884,0.893,1457299.8
2025-06-08 19:00:00,0.894,0.901,0.892,0.898,904704.71
2025-06-08 20:00:00,0.898,0.92,0.897,0.914,3995625.67
2025-06-08 21:00:00,0.914,0.932,0.913,0.92,2431232.26
2025-06-08 22:00:00,0.92,0.921,0.898,0.899,4762651.8
2025-06-08 23:00:00,0.898,0.901,0.887,0.889,8035528.04
2025-06-09 00:00:00,0.889,0.905,0.885,0.901,3321203.74
2025-06-09 01:00:00,0.901,0.902,0.887,0.891,1268332.61
2025-06-09 02:00:00,0.891,0.899,0.882,0.885,849425.19
2025-06-09 03:00:00,0.885,0.89,0.88,0.89,1248246.44
2025-06-09 04:00:00,0.89,0.895,0.88,0.881,1026585.44
2025-06-09 05:00:00,0.881,0.883,0.872,0.873,1546438.99
2025-06-09 06:00:00,0.873,0.895,0.869,0.894,2042135.16
2025-06-09 07:00:00,0.894,0.895,0.883,0.89,1028107.57
2025-06-09 08:00:00,0.89,0.894,0.879,0.893,987824.02
2025-06-09 09:00:00,0.892,0.919,0.884,0.91,4260260.49
2025-06-09 10:00:00,0.91,0.929,0.909,0.92,5274951.36
2025-06-09 11:00:00,0.92,0.928,0.911,0.918,4989567.2
2025-06-09 12:00:00,0.918,0.928,0.909,0.927,2413958.38
2025-06-09 13:00:00,0.928,0.933,0.893,0.896,4373658.22
2025-06-09 14:00:00,0.897,0.915,0.89,0.91,3963933.34
2025-06-09 15:00:00,0.91,0.925,0.909,0.909,2099165.14
2025-06-09 16:00:00,0.91,0.944,0.91,0.93,5423894.59
2025-06-09 17:00:00,0.929,0.948,0.927,0.933,3664392.63
2025-06-09 18:00:00,0.933,0.941,0.928,0.939,2549299.0
2025-06-09 19:00:00,0.939,0.942,0.927,0.932,1656748.38
2025-06-09 20:00:00,0.932,0.947,0.931,0.938,2311431.53
2025-06-09 21:00:00,0.937,1.03,0.937,1.016,22427066.03
2025-06-09 22:00:00,1.016,1.024,1.003,1.02,5226255.69
2025-06-09 23:00:00,1.019,1.031,1.008,1.028,4672675.6
2025-06-10 00:00:00,1.028,1.041,1.018,1.027,4689363.98
2025-06-10 01:00:00,1.026,1.036,1.016,1.019,2487948.09
2025-06-10 02:00:00,1.018,1.071,1.004,1.016,15326649.62
2025-06-10 03:00:00,1.015,1.021,1.006,1.02,3738549.6
2025-06-10 04:00:00,1.02,1.026,1.008,1.02,2649436.44
2025-06-10 05:00:00,1.02,1.032,1.011,1.027,3116533.18
2025-06-10 06:00:00,1.026,1.037,1.014,1.035,2469081.47
2025-06-10 07:00:00,1.035,1.045,1.026,1.037,5833778.54
2025-06-10 08:00:00,1.036,1.038,1.018,1.019,2963203.38
2025-06-10 09:00:00,1.02,1.044,1.012,1.044,2611953.33
2025-06-10 10:00:00,1.044,1.052,1.035,1.052,2363024.31
2025-06-10 11:00:00,1.052,1.075,1.039,1.065,6313525.29
2025-06-10 12:00:00,1.065,1.078,1.052,1.073,5171613.37
2025-06-10 13:00:00,1.073,1.074,1.022,1.035,7431497.46
2025-06-10 14:00:00,1.035,1.037,0.998,1.009,12247665.37
2025-06-10 15:00:00,1.008,1.016,0.988,1.003,4337331.55
2025-06-10 16:00:00,1.004,1.011,0.989,0.991,2906303.06
2025-06-10 17:00:00,0.991,1.003,0.99,0.996,1579651.19
2025-06-10 18:00:00,0.995,1.02,0.993,1.018,2230322.92
2025-06-10 19:00:00,1.019,1.035,1.007,1.013,5894402.57
2025-06-10 20:00:00,1.013,1.018,0.997,1.017,1887279.51
2025-06-10 21:00:00,1.018,1.019,0.998,1.007,2456678.38
2025-06-10 22:00:00,1.007,1.031,1.007,1.026,3939136.55
2025-06-10 23:00:00,1.026,1.033,1.016,1.028,1874381.06
2025-06-11 00:00:00,1.028,1.03,1.012,1.016,3435005.25
2025-06-11 01:00:00,1.016,1.019,1.006,1.01,2130406.5
2025-06-11 02:00:00,1.01,1.022,0.998,1.006,2106195.58
2025-06-11 03:00:00,1.005,1.027,1.004,1.014,1675024.46
2025-06-11 04:00:00,1.013,1.016,1.005,1.008,817555.63
2025-06-11 05:00:00,1.008,1.011,1.003,1.008,832087.6
2025-06-11 06:00:00,1.009,1.02,1.004,1.009,1660333.66
2025-06-11 07:00:00,1.008,1.018,1.003,1.015,2064739.65
2025-06-11 08:00:00,1.015,1.021,1.003,1.006,1775500.07
2025-06-11 09:00:00,1.006,1.012,0.987,0.994,3348448.53
2025-06-11 10:00:00,0.995,1.009,0.986,1.005,1791593.78
2025-06-11 11:00:00,1.005,1.005,0.989,0.999,1459330.09
2025-06-11 12:00:00,0.999,1.031,0.988,1.021,7788437.26
2025-06-11 13:00:00,1.022,1.026,1.005,1.009,5236190.08
2025-06-11 14:00:00,1.009,1.043,1.005,1.039,7714351.75
2025-06-11 15:00:00,1.038,1.042,1.018,1.036,4206357.88
2025-06-11 16:00:00,1.036,1.047,1.022,1.033,4658465.33
2025-06-11 17:00:00,1.033,1.033,1.005,1.008,3656409.38
2025-06-11 18:00:00,1.009,1.01,0.991,0.997,3216947.34
2025-06-11 19:00:00,0.997,1.001,0.983,0.986,2152426.13
2025-06-11 20:00:00,0.986,0.992,0.971,0.982,2320417.68
2025-06-11 21:00:00,0.982,0.99,0.947,0.949,6443554.05
2025-06-11 22:00:00,0.949,0.956,0.929,0.937,5159470.13
2025-06-11 23:00:00,0.937,0.957,0.936,0.956,1583625.71
2025-06-12 00:00:00,0.955,0.957,0.936,0.951,3117115.98
2025-06-12 01:00:00,0.951,0.953,0.938,0.949,1089184.21
2025-06-12 02:00:00,0.949,0.956,0.942,0.946,1204371.58
2025-06-12 03:00:00,0.946,0.948,0.935,0.938,1849055.08
2025-06-12 04:00:00,0.939,0.942,0.932,0.939,1786160.06
2025-06-12 05:00:00,0.938,0.943,0.93,0.939,1029297.37
2025-06-12 06:00:00,0.939,0.95,0.93,0.942,2890237.14
2025-06-12 07:00:00,0.942,0.982,0.941,0.945,10507635.92
2025-06-12 08:00:00,0.945,0.945,0.934,0.939,2179691.26
2025-06-12 09:00:00,0.938,0.947,0.935,0.941,1185128.29
2025-06-12 10:00:00,0.94,0.943,0.931,0.937,1429340.55
2025-06-12 11:00:00,0.936,0.937,0.922,0.925,2001673.55
2025-06-12 12:00:00,0.925,0.942,0.919,0.929,3596716.59
2025-06-12 13:00:00,0.929,0.936,0.924,0.929,2214039.6
2025-06-12 14:00:00,0.93,0.952,0.928,0.945,3010147.57
2025-06-12 15:00:00,0.946,0.952,0.91,0.919,3397124.62
2025-06-12 16:00:00,0.918,0.935,0.914,0.929,3021484.71
2025-06-12 17:00:00,0.928,0.953,0.926,0.943,2876458.85
2025-06-12 18:00:00,0.943,0.944,0.915,0.923,1787749.07
2025-06-12 19:00:00,0.924,0.928,0.891,0.901,4843323.02
2025-06-12 20:00:00,0.9,0.906,0.88,0.89,4658298.3
2025-06-12 21:00:00,0.889,0.899,0.881,0.882,2805245.89
2025-06-12 22:00:00,0.882,0.889,0.873,0.878,2063052.15
2025-06-12 23:00:00,0.877,0.892,0.875,0.885,2256002.42
2025-06-13 00:00:00,0.885,0.887,0.809,0.821,21466841.32
2025-06-13 01:00:00,0.821,0.822,0.792,0.803,13002353.04
2025-06-13 02:00:00,0.803,0.807,0.795,0.805,5014195.43
2025-06-13 03:00:00,0.804,0.832,0.8,0.826,4039987.83
2025-06-13 04:00:00,0.826,0.835,0.813,0.83,2991271.89
2025-06-13 05:00:00,0.831,0.831,0.818,0.818,2084231.62
2025-06-13 06:00:00,0.818,0.825,0.808,0.824,3124136.56
2025-06-13 07:00:00,0.824,0.824,0.813,0.819,2714303.93
2025-06-13 08:00:00,0.819,0.841,0.811,0.811,7407512.28
2025-06-13 09:00:00,0.812,0.815,0.801,0.808,4973008.16
2025-06-13 10:00:00,0.808,0.811,0.795,0.81,3690543.3
2025-06-13 11:00:00,0.81,0.816,0.8,0.813,2674428.61
2025-06-13 12:00:00,0.812,0.82,0.802,0.805,4847342.07
2025-06-13 13:00:00,0.806,0.82,0.798,0.807,3959056.23
2025-06-13 14:00:00,0.808,0.817,0.798,0.816,3633306.52
2025-06-13 15:00:00,0.816,0.842,0.811,0.832,5763470.46
2025-06-13 16:00:00,0.832,0.855,0.827,0.851,4113781.22
2025-06-13 17:00:00,0.851,0.851,0.83,0.842,3555857.05
2025-06-13 18:00:00,0.843,0.846,0.821,0.832,3076563.08
2025-06-13 19:00:00,0.833,0.839,0.824,0.833,3075209.24
2025-06-13 20:00:00,0.833,0.856,0.831,0.849,1671507.81
2025-06-13 21:00:00,0.849,0.854,0.842,0.848,1297259.93
2025-06-13 22:00:00,0.847,0.858,0.845,0.849,1240440.24
2025-06-13 23:00:00,0.85,0.856,0.846,0.853,1347617.87
2025-06-14 00:00:00,0.853,0.865,0.848,0.849,3192725.5
2025-06-14 01:00:00,0.849,0.852,0.843,0.844,1428534.37
2025-06-14 02:00:00,0.843,0.851,0.842,0.848,1441170.79
2025-06-14 03:00:00,0.848,0.859,0.846,0.854,1278120.77
2025-06-14 04:00:00,0.854,0.863,0.852,0.859,2048035.99
2025-06-14 05:00:00,0.858,0.863,0.853,0.857,1282227.65
2025-06-14 06:00:00,0.857,0.861,0.849,0.85,1867564.6
2025-06-14 07:00:00,0.851,0.859,0.843,0.856,2887565.21
2025-06-14 08:00:00,0.855,0.857,0.845,0.851,1111366.42
2025-06-14 09:00:00,0.851,0.851,0.842,0.845,1362493.48
2025-06-14 10:00:00,0.845,0.852,0.844,0.845,693932.69
2025-06-14 11:00:00,0.846,0.85,0.84,0.844,880622.33
2025-06-14 12:00:00,0.844,0.848,0.837,0.847,916569.01
2025-06-14 13:00:00,0.847,0.859,0.845,0.858,1989590.1
2025-06-14 14:00:00,0.858,0.86,0.85,0.853,979520.6
2025-06-14 15:00:00,0.853,0.857,0.832,0.842,2603903.76
2025-06-14 16:00:00,0.841,0.847,0.822,0.826,2219717.89
2025-06-14 17:00:00,0.825,0.84,0.822,0.834,1466483.14
2025-06-14 18:00:00,0.834,0.842,0.822,0.834,1432727.98
2025-06-14 19:00:00,0.834,0.843,0.83,0.831,1275443.46
2025-06-14 20:00:00,0.832,0.832,0.819,0.827,1789780.86
2025-06-14 21:00:00,0.827,0.843,0.822,0.84,1168874.66
2025-06-14 22:00:00,0.84,0.845,0.833,0.837,810842.09
2025-06-14 23:00:00,0.837,0.839,0.831,0.833,778585.32
2025-06-15 00:00:00,0.833,0.843,0.832,0.842,861484.01
2025-06-15 01:00:00,0.842,0.844,0.831,0.834,500037.43
2025-06-15 02:00:00,0.835,0.843,0.834,0.838,481131.09
2025-06-15 03:00:00,0.839,0.847,0.838,0.844,321175.13
2025-06-15 04:00:00,0.844,0.85,0.841,0.845,700428.79
2025-06-15 05:00:00,0.845,0.855,0.838,0.853,1355350.43
2025-06-15 06:00:00,0.854,0.855,0.837,0.837,1055120.84
2025-06-15 07:00:00,0.838,0.839,0.83,0.835,1176592.82
2025-06-15 08:00:00,0.834,0.838,0.832,0.837,909898.1
2025-06-15 09:00:00,0.838,0.838,0.827,0.829,635062.67
2025-06-15 10:00:00,0.83,0.848,0.829,0.847,783201.66
2025-06-15 11:00:00,0.847,0.853,0.841,0.85,853251.09
2025-06-15 12:00:00,0.85,0.852,0.844,0.851,795195.23
2025-06-15 13:00:00,0.851,0.852,0.842,0.851,961996.78
2025-06-15 14:00:00,0.851,0.867,0.842,0.862,2182904.02
2025-06-15 15:00:00,0.862,0.866,0.853,0.856,2060833.45
2025-06-15 16:00:00,0.856,0.858,0.846,0.854,1332846.84
2025-06-15 17:00:00,0.854,0.856,0.844,0.852,1034189.43
2025-06-15 18:00:00,0.852,0.853,0.841,0.845,609457.66
2025-06-15 19:00:00,0.845,0.851,0.838,0.843,925703.56
2025-06-15 20:00:00,0.843,0.843,0.825,0.832,1670898.75
2025-06-15 21:00:00,0.831,0.839,0.825,0.838,841372.24
2025-06-15 22:00:00,0.838,0.862,0.837,0.854,3627342.53
2025-06-15 23:00:00,0.854,0.857,0.849,0.851,1478343.81
2025-06-16 00:00:00,0.851,0.854,0.843,0.849,1334725.42
2025-06-16 01:00:00,0.849,0.866,0.837,0.864,2278476.89
2025-06-16 02:00:00,0.864,0.883,0.864,0.875,3473468.24
2025-06-16 03:00:00,0.875,0.883,0.872,0.875,2266817.02
2025-06-16 04:00:00,0.875,0.894,0.873,0.892,2573027.37
2025-06-16 05:00:00,0.891,0.903,0.882,0.9,4829712.42
2025-06-16 06:00:00,0.901,0.903,0.893,0.898,3043227.97
2025-06-16 07:00:00,0.898,0.904,0.894,0.9,3211717.49
2025-06-16 08:00:00,0.9,0.902,0.89,0.897,2133482.17
2025-06-16 09:00:00,0.897,0.902,0.892,0.897,1607365.77
2025-06-16 10:00:00,0.896,0.9,0.884,0.887,1987413.97
2025-06-16 11:00:00,0.888,0.892,0.879,0.89,1951792.3
2025-06-16 12:00:00,0.89,0.89,0.877,0.883,2317354.54
2025-06-16 13:00:00,0.883,0.896,0.877,0.894,3137262.97
2025-06-16 14:00:00,0.894,0.905,0.888,0.89,4562354.08
2025-06-16 15:00:00,0.889,0.895,0.88,0.882,3108851.18
2025-06-16 16:00:00,0.882,0.893,0.879,0.884,1621398.1
2025-06-16 17:00:00,0.885,0.888,0.879,0.883,1224582.06
2025-06-16 18:00:00,0.883,0.895,0.881,0.894,2803614.74
2025-06-16 19:00:00,0.895,0.901,0.888,0.892,1608478.6
2025-06-16 20:00:00,0.893,0.903,0.884,0.897,1857188.69
2025-06-16 21:00:00,0.898,0.901,0.891,0.895,870567.22
2025-06-16 22:00:00,0.896,0.899,0.848,0.859,9269823.15
2025-06-16 23:00:00,0.859,0.867,0.831,0.835,5633134.39
2025-06-17 00:00:00,0.834,0.844,0.813,0.843,6840652.96
2025-06-17 01:00:00,0.844,0.85,0.837,0.839,2573410.74
2025-06-17 02:00:00,0.838,0.855,0.833,0.853,2746857.76
2025-06-17 03:00:00,0.853,0.866,0.849,0.857,1864609.08
2025-06-17 04:00:00,0.857,0.86,0.847,0.85,1563034.85
2025-06-17 05:00:00,0.85,0.853,0.837,0.839,1329234.35
2025-06-17 06:00:00,0.838,0.841,0.827,0.834,2058434.42
2025-06-17 07:00:00,0.833,0.839,0.832,0.833,1324698.47
2025-06-17 08:00:00,0.833,0.835,0.818,0.82,1908969.74
2025-06-17 09:00:00,0.82,0.827,0.817,0.821,1839979.46
2025-06-17 10:00:00,0.821,0.821,0.81,0.817,3455479.83
2025-06-17 11:00:00,0.818,0.818,0.805,0.812,2465386.21
2025-06-17 12:00:00,0.811,0.816,0.805,0.808,1470738.16
2025-06-17 13:00:00,0.807,0.818,0.805,0.81,2150810.56
2025-06-17 14:00:00,0.81,0.822,0.805,0.806,2752444.13
2025-06-17 15:00:00,0.806,0.807,0.761,0.771,14162886.83
2025-06-17 16:00:00,0.77,0.775,0.756,0.758,5651941.32
2025-06-17 17:00:00,0.757,0.767,0.749,0.763,5012724.43
2025-06-17 18:00:00,0.762,0.78,0.755,0.78,3212383.96
2025-06-17 19:00:00,0.78,0.806,0.777,0.794,6888567.93
2025-06-17 20:00:00,0.794,0.797,0.786,0.786,3177721.37
2025-06-17 21:00:00,0.787,0.788,0.776,0.779,3129352.75
2025-06-17 22:00:00,0.78,0.78,0.766,0.767,2612210.19
2025-06-17 23:00:00,0.767,0.78,0.767,0.77,1677291.18
2025-06-18 00:00:00,0.77,0.783,0.77,0.78,3094683.84
2025-06-18 01:00:00,0.78,0.789,0.776,0.777,2370037.16
2025-06-18 02:00:00,0.777,0.781,0.772,0.776,1216412.51
2025-06-18 03:00:00,0.775,0.786,0.775,0.78,1452689.46
2025-06-18 04:00:00,0.78,0.795,0.779,0.79,1552819.41
2025-06-18 05:00:00,0.79,0.794,0.785,0.786,992204.31
2025-06-18 06:00:00,0.786,0.79,0.778,0.785,1370322.93
2025-06-18 07:00:00,0.785,0.788,0.781,0.785,874131.82
2025-06-18 08:00:00,0.785,0.792,0.775,0.781,1578029.28
2025-06-18 09:00:00,0.78,0.783,0.771,0.776,901140.48
2025-06-18 10:00:00,0.777,0.777,0.756,0.759,2047450.07
2025-06-18 11:00:00,0.759,0.777,0.756,0.774,1288200.91
2025-06-18 12:00:00,0.775,0.775,0.76,0.762,1216833.25
2025-06-18 13:00:00,0.762,0.762,0.734,0.76,5643885.67
2025-06-18 14:00:00,0.76,0.787,0.755,0.771,6300721.62
2025-06-18 15:00:00,0.772,0.784,0.768,0.777,2288102.98
2025-06-18 16:00:00,0.776,0.78,0.77,0.774,1024882.78
2025-06-18 17:00:00,0.774,0.789,0.767,0.782,1731544.95
2025-06-18 18:00:00,0.782,0.792,0.769,0.77,6275487.81
2025-06-18 19:00:00,0.77,0.789,0.768,0.772,3660159.51
2025-06-18 20:00:00,0.772,0.805,0.768,0.797,3190278.97
2025-06-18 21:00:00,0.797,0.799,0.782,0.794,3242096.08
2025-06-18 22:00:00,0.794,0.796,0.788,0.79,1034828.14
2025-06-18 23:00:00,0.789,0.796,0.785,0.791,924568.84
2025-06-19 00:00:00,0.792,0.807,0.789,0.795,1575007.83
2025-06-19 01:00:00,0.795,0.795,0.784,0.788,1531028.39
2025-06-19 02:00:00,0.789,0.795,0.784,0.787,1039575.88
2025-06-19 03:00:00,0.787,0.802,0.787,0.801,1020951.22
2025-06-19 04:00:00,0.8,0.804,0.789,0.803,1231563.28
2025-06-19 05:00:00,0.804,0.814,0.8,0.805,2124835.71
2025-06-19 06:00:00,0.804,0.807,0.795,0.801,2186145.31
2025-06-19 07:00:00,0.801,0.803,0.791,0.792,1670747.15
2025-06-19 08:00:00,0.792,0.799,0.788,0.788,961373.93
2025-06-19 09:00:00,0.788,0.799,0.787,0.795,1728182.63
2025-06-19 10:00:00,0.796,0.797,0.786,0.789,1179532.58
2025-06-19 11:00:00,0.789,0.792,0.784,0.788,1479264.41
2025-06-19 12:00:00,0.789,0.792,0.784,0.788,929433.56
2025-06-19 13:00:00,0.788,0.791,0.777,0.779,2525596.47
2025-06-19 14:00:00,0.78,0.786,0.774,0.778,1990332.2
2025-06-19 15:00:00,0.778,0.783,0.777,0.779,1010639.4
2025-06-19 16:00:00,0.778,0.785,0.773,0.775,1238729.0
2025-06-19 17:00:00,0.774,0.799,0.774,0.791,4556976.02
2025-06-19 18:00:00,0.791,0.8,0.783,0.79,3087199.73
2025-06-19 19:00:00,0.79,0.793,0.783,0.786,882604.88
2025-06-19 20:00:00,0.786,0.791,0.781,0.784,1388432.61
2025-06-19 21:00:00,0.784,0.793,0.783,0.791,1562531.11
2025-06-19 22:00:00,0.791,0.801,0.791,0.793,1432809.32
2025-06-19 23:00:00,0.792,0.796,0.788,0.793,536665.49
2025-06-20 00:00:00,0.794,0.796,0.788,0.793,476518.73
2025-06-20 01:00:00,0.792,0.794,0.786,0.793,581876.79
2025-06-20 02:00:00,0.794,0.796,0.785,0.789,888318.28
2025-06-20 03:00:00,0.789,0.792,0.787,0.789,453508.17
2025-06-20 04:00:00,0.789,0.791,0.776,0.78,1444863.43
2025-06-20 05:00:00,0.78,0.786,0.775,0.784,1273727.83
2025-06-20 06:00:00,0.784,0.789,0.78,0.785,822904.63
2025-06-20 07:00:00,0.785,0.811,0.783,0.808,2718161.63
2025-06-20 08:00:00,0.808,0.82,0.8,0.803,3726829.75
2025-06-20 09:00:00,0.804,0.808,0.798,0.801,1250772.11
2025-06-20 10:00:00,0.802,0.806,0.796,0.799,1133083.46
2025-06-20 11:00:00,0.8,0.808,0.798,0.806,1040209.43
2025-06-20 12:00:00,0.806,0.818,0.804,0.814,1645064.57
2025-06-20 13:00:00,0.815,0.818,0.799,0.801,1547941.31
2025-06-20 14:00:00,0.801,0.805,0.775,0.777,2996526.64
2025-06-20 15:00:00,0.777,0.788,0.776,0.781,2172937.3
2025-06-20 16:00:00,0.78,0.781,0.758,0.76,3743272.69
2025-06-20 17:00:00,0.76,0.767,0.735,0.764,9262364.86
2025-06-20 18:00:00,0.764,0.772,0.76,0.762,2574727.17
2025-06-20 19:00:00,0.762,0.763,0.755,0.762,1263232.33
2025-06-20 20:00:00,0.761,0.782,0.761,0.772,2323980.51
2025-06-20 21:00:00,0.772,0.772,0.764,0.764,1132199.46
2025-06-20 22:00:00,0.765,0.765,0.757,0.76,1144812.82
2025-06-20 23:00:00,0.759,0.762,0.754,0.761,813997.87
2025-06-21 00:00:00,0.761,0.768,0.758,0.761,866382.46
2025-06-21 01:00:00,0.76,0.774,0.76,0.771,1559830.55
2025-06-21 02:00:00,0.772,0.777,0.766,0.775,554332.5
2025-06-21 03:00:00,0.775,0.781,0.774,0.775,498616.46
2025-06-21 04:00:00,0.775,0.776,0.771,0.772,520805.15
2025-06-21 05:00:00,0.772,0.777,0.77,0.773,591723.15
2025-06-21 06:00:00,0.773,0.776,0.769,0.771,381018.92
2025-06-21 07:00:00,0.771,0.775,0.767,0.773,781458.8
2025-06-21 08:00:00,0.774,0.776,0.768,0.775,584035.89
2025-06-21 09:00:00,0.774,0.774,0.766,0.766,1101514.02
2025-06-21 10:00:00,0.766,0.77,0.762,0.766,531256.98
2025-06-21 11:00:00,0.765,0.767,0.762,0.762,528808.49
2025-06-21 12:00:00,0.762,0.766,0.74,0.742,2248901.19
2025-06-21 13:00:00,0.742,0.747,0.719,0.721,3675256.06
2025-06-21 14:00:00,0.721,0.73,0.719,0.724,2535216.47
2025-06-21 15:00:00,0.724,0.728,0.715,0.726,1895204.92
2025-06-21 16:00:00,0.726,0.729,0.715,0.72,1965505.39
2025-06-21 17:00:00,0.72,0.726,0.704,0.707,2822735.3
2025-06-21 18:00:00,0.708,0.713,0.699,0.705,2317215.01
2025-06-21 19:00:00,0.705,0.707,0.696,0.701,1678735.22
2025-06-21 20:00:00,0.702,0.714,0.699,0.712,2261190.22
2025-06-21 21:00:00,0.711,0.713,0.674,0.69,7560681.37
2025-06-21 22:00:00,0.69,0.699,0.689,0.696,1922136.13
2025-06-21 23:00:00,0.697,0.702,0.683,0.699,6835379.2
2025-06-22 00:00:00,0.7,0.715,0.697,0.712,5789805.85
2025-06-22 01:00:00,0.712,0.716,0.701,0.702,2385270.5
2025-06-22 02:00:00,0.702,0.709,0.693,0.698,2711509.77
2025-06-22 03:00:00,0.697,0.7,0.686,0.693,2004174.33
2025-06-22 04:00:00,0.693,0.702,0.691,0.7,1581848.24
2025-06-22 05:00:00,0.699,0.705,0.696,0.703,764969.85
2025-06-22 06:00:00,0.703,0.71,0.698,0.709,809804.37
2025-06-22 07:00:00,0.709,0.711,0.7,0.705,811616.05
2025-06-22 08:00:00,0.706,0.707,0.698,0.702,1348741.11
2025-06-22 09:00:00,0.702,0.704,0.688,0.688,1985005.34
2025-06-22 10:00:00,0.688,0.701,0.686,0.696,1362695.12
2025-06-22 11:00:00,0.696,0.704,0.69,0.695,962417.28
2025-06-22 12:00:00,0.694,0.699,0.679,0.695,1837191.27
2025-06-22 13:00:00,0.695,0.696,0.645,0.664,14683068.62
2025-06-22 14:00:00,0.664,0.682,0.651,0.68,8499969.04
2025-06-22 15:00:00,0.68,0.685,0.665,0.667,2928857.05
2025-06-22 16:00:00,0.667,0.67,0.656,0.662,3108895.6
2025-06-22 17:00:00,0.662,0.672,0.653,0.664,2514638.49
2025-06-22 18:00:00,0.664,0.669,0.654,0.655,1023379.49
2025-06-22 19:00:00,0.655,0.66,0.648,0.653,1084401.65
2025-06-22 20:00:00,0.653,0.669,0.635,0.665,6067753.23
2025-06-22 21:00:00,0.665,0.67,0.654,0.656,1242853.24
2025-06-22 22:00:00,0.656,0.683,0.656,0.682,2933031.67
2025-06-22 23:00:00,0.683,0.689,0.679,0.688,2933964.38
2025-06-23 00:00:00,0.689,0.698,0.683,0.689,2976929.15
2025-06-23 01:00:00,0.689,0.697,0.685,0.695,1183631.94
2025-06-23 02:00:00,0.695,0.697,0.689,0.693,919832.76
2025-06-23 03:00:00,0.693,0.698,0.691,0.694,1195765.47
2025-06-23 04:00:00,0.694,0.7,0.692,0.695,911843.37
2025-06-23 05:00:00,0.694,0.702,0.693,0.699,1606806.53
2025-06-23 06:00:00,0.7,0.705,0.696,0.702,1752593.78
2025-06-23 07:00:00,0.702,0.708,0.698,0.7,2793900.5
2025-06-23 08:00:00,0.701,0.703,0.695,0.7,1394828.98
2025-06-23 09:00:00,0.7,0.701,0.696,0.698,917790.51
2025-06-23 10:00:00,0.698,0.699,0.69,0.694,1500645.38
2025-06-23 11:00:00,0.694,0.698,0.687,0.697,1458140.3
2025-06-23 12:00:00,0.696,0.706,0.69,0.706,1705570.16
2025-06-23 13:00:00,0.705,0.721,0.689,0.717,7753081.09
2025-06-23 14:00:00,0.718,0.725,0.703,0.706,4829535.44
2025-06-23 15:00:00,0.706,0.713,0.697,0.698,3328396.72
2025-06-23 16:00:00,0.699,0.7,0.675,0.688,8369979.88
2025-06-23 17:00:00,0.688,0.728,0.684,0.718,9815744.1
2025-06-23 18:00:00,0.718,0.737,0.717,0.732,6134294.33
2025-06-23 19:00:00,0.732,0.75,0.731,0.747,4997354.64
2025-06-23 20:00:00,0.748,0.791,0.743,0.778,10883023.48
2025-06-23 21:00:00,0.778,0.783,0.765,0.773,4093983.53
2025-06-23 22:00:00,0.774,0.846,0.774,0.84,16953325.76
2025-06-23 23:00:00,0.841,0.842,0.827,0.83,4685597.09
2025-06-24 00:00:00,0.83,0.842,0.825,0.837,4278224.43
2025-06-24 01:00:00,0.837,0.841,0.832,0.839,1809338.99
2025-06-24 02:00:00,0.838,0.838,0.827,0.829,1955751.7
2025-06-24 03:00:00,0.829,0.839,0.828,0.832,2510161.68
2025-06-24 04:00:00,0.832,0.836,0.824,0.828,1347091.86
2025-06-24 05:00:00,0.828,0.865,0.825,0.862,5335598.98
2025-06-24 06:00:00,0.862,0.884,0.856,0.874,5770921.08
2025-06-24 07:00:00,0.874,0.877,0.846,0.855,6012498.86
2025-06-24 08:00:00,0.855,0.869,0.844,0.863,6187943.28
2025-06-24 09:00:00,0.863,0.883,0.859,0.868,4124042.29
2025-06-24 10:00:00,0.868,0.868,0.855,0.859,2677247.85
2025-06-24 11:00:00,0.859,0.861,0.849,0.86,1992098.36
2025-06-24 12:00:00,0.86,0.87,0.854,0.866,2104084.44
2025-06-24 13:00:00,0.866,0.878,0.859,0.872,5161384.47
2025-06-24 14:00:00,0.872,0.88,0.868,0.871,3382116.44
2025-06-24 15:00:00,0.871,0.876,0.857,0.866,3196454.43
2025-06-24 16:00:00,0.866,0.879,0.86,0.878,2838611.12
2025-06-24 17:00:00,0.878,0.878,0.851,0.861,2968878.66
2025-06-24 18:00:00,0.861,0.864,0.842,0.844,2025892.16
2025-06-24 19:00:00,0.844,0.847,0.828,0.837,1848849.73
2025-06-24 20:00:00,0.836,0.852,0.833,0.851,2439407.2
2025-06-24 21:00:00,0.851,0.852,0.84,0.85,2743830.77
2025-06-24 22:00:00,0.849,0.857,0.842,0.855,1054946.38
2025-06-24 23:00:00,0.856,0.87,0.85,0.87,1922867.41
2025-06-25 00:00:00,0.869,0.877,0.864,0.876,2009929.25
2025-06-25 01:00:00,0.876,0.878,0.864,0.874,2726651.72
2025-06-25 02:00:00,0.874,0.895,0.871,0.875,3302415.46
2025-06-25 03:00:00,0.875,0.888,0.871,0.871,1837914.17
2025-06-25 04:00:00,0.872,0.873,0.862,0.865,1921036.63
2025-06-25 05:00:00,0.865,0.868,0.858,0.859,1333621.67
2025-06-25 06:00:00,0.859,0.87,0.859,0.867,1590690.04
2025-06-25 07:00:00,0.866,0.873,0.862,0.867,1081393.79
2025-06-25 08:00:00,0.867,0.869,0.852,0.861,2394750.36
2025-06-25 09:00:00,0.86,0.865,0.846,0.848,2750729.99
2025-06-25 10:00:00,0.848,0.855,0.844,0.848,1828913.63
2025-06-25 11:00:00,0.848,0.854,0.841,0.852,1309225.49
2025-06-25 12:00:00,0.852,0.852,0.841,0.85,964022.93
2025-06-25 13:00:00,0.851,0.865,0.848,0.856,3454438.3
2025-06-25 14:00:00,0.856,0.857,0.824,0.836,6205534.84
2025-06-25 15:00:00,0.835,0.836,0.805,0.807,7421340.37
2025-06-25 16:00:00,0.808,0.811,0.792,0.793,4508026.09
2025-06-25 17:00:00,0.792,0.819,0.792,0.809,3780179.99
2025-06-25 18:00:00,0.809,0.813,0.804,0.808,1071173.13
2025-06-25 19:00:00,0.807,0.814,0.803,0.807,1541715.27
2025-06-25 20:00:00,0.807,0.813,0.804,0.812,2135712.32
2025-06-25 21:00:00,0.812,0.82,0.795,0.8,1256204.73
2025-06-25 22:00:00,0.799,0.799,0.787,0.791,1220909.91
2025-06-25 23:00:00,0.79,0.798,0.785,0.795,1073699.13
2025-06-26 00:00:00,0.795,0.804,0.79,0.796,2080752.96
2025-06-26 01:00:00,0.796,0.814,0.793,0.808,2544727.58
2025-06-26 02:00:00,0.808,0.817,0.798,0.814,5778688.71
2025-06-26 03:00:00,0.815,0.826,0.797,0.799,4653177.83
2025-06-26 04:00:00,0.799,0.803,0.793,0.8,2546519.47
2025-06-26 05:00:00,0.8,0.8,0.792,0.798,478160.48
2025-06-26 06:00:00,0.798,0.807,0.796,0.799,960990.94
2025-06-26 07:00:00,0.8,0.809,0.798,0.802,1993175.18
2025-06-26 08:00:00,0.803,0.807,0.798,0.8,675606.33
2025-06-26 09:00:00,0.801,0.801,0.772,0.777,7552505.18
2025-06-26 10:00:00,0.778,0.778,0.769,0.772,2730430.96
2025-06-26 11:00:00,0.772,0.776,0.77,0.773,1518601.07
2025-06-26 12:00:00,0.772,0.775,0.76,0.764,2108190.97
2025-06-26 13:00:00,0.764,0.765,0.752,0.755,3210216.62
2025-06-26 14:00:00,0.754,0.769,0.749,0.762,4260003.47
2025-06-26 15:00:00,0.762,0.767,0.754,0.763,2821783.85
2025-06-26 16:00:00,0.763,0.765,0.754,0.756,1508525.67
2025-06-26 17:00:00,0.756,0.763,0.754,0.755,881831.78
2025-06-26 18:00:00,0.755,0.762,0.752,0.754,1201496.13
2025-06-26 19:00:00,0.754,0.76,0.751,0.755,947737.73
2025-06-26 20:00:00,0.755,0.775,0.752,0.765,1720947.5
2025-06-26 21:00:00,0.765,0.767,0.75,0.762,1683643.02
2025-06-26 22:00:00,0.762,0.77,0.753,0.753,1124526.36
2025-06-26 23:00:00,0.754,0.76,0.752,0.755,580966.79
2025-06-27 00:00:00,0.755,0.762,0.75,0.753,1070496.85
2025-06-27 01:00:00,0.753,0.772,0.748,0.768,1908565.97
2025-06-27 02:00:00,0.768,0.782,0.765,0.78,1584826.87
2025-06-27 03:00:00,0.781,0.784,0.774,0.778,1227351.49
2025-06-27 04:00:00,0.777,0.783,0.776,0.781,1827937.93
2025-06-27 05:00:00,0.781,0.825,0.775,0.776,8262829.35
2025-06-27 06:00:00,0.776,0.792,0.774,0.786,2639510.63
2025-06-27 07:00:00,0.786,0.79,0.773,0.776,1545056.73
2025-06-27 08:00:00,0.777,0.792,0.775,0.785,1504547.37
2025-06-27 09:00:00,0.786,0.786,0.771,0.775,1314641.02
2025-06-27 10:00:00,0.775,0.776,0.762,0.762,3738409.17
2025-06-27 11:00:00,0.763,0.768,0.758,0.762,1847381.5
2025-06-27 12:00:00,0.762,0.772,0.76,0.761,1883029.98
2025-06-27 13:00:00,0.761,0.771,0.76,0.77,1032838.68
2025-06-27 14:00:00,0.769,0.78,0.762,0.765,1795639.79
2025-06-27 15:00:00,0.764,0.776,0.759,0.772,1651950.29
2025-06-27 16:00:00,0.772,0.786,0.766,0.779,2850405.85
2025-06-27 17:00:00,0.779,0.781,0.755,0.764,2122175.47
2025-06-27 18:00:00,0.764,0.766,0.754,0.758,1141763.35
2025-06-27 19:00:00,0.757,0.763,0.755,0.761,832049.73
2025-06-27 20:00:00,0.76,0.776,0.757,0.774,1155812.43
2025-06-27 21:00:00,0.774,0.776,0.767,0.771,1865964.18
2025-06-27 22:00:00,0.771,0.773,0.768,0.772,603109.28
2025-06-27 23:00:00,0.772,0.773,0.769,0.773,442553.27
2025-06-28 00:00:00,0.773,0.781,0.77,0.777,968743.65
2025-06-28 01:00:00,0.776,0.782,0.77,0.78,763170.37
2025-06-28 02:00:00,0.781,0.783,0.775,0.775,768318.22
2025-06-28 03:00:00,0.775,0.782,0.774,0.78,594784.48
2025-06-28 04:00:00,0.78,0.784,0.776,0.777,1033274.91
2025-06-28 05:00:00,0.776,0.793,0.776,0.784,2155560.16
2025-06-28 06:00:00,0.784,0.791,0.781,0.787,936408.09
2025-06-28 07:00:00,0.787,0.793,0.781,0.793,898273.37
2025-06-28 08:00:00,0.793,0.802,0.788,0.801,1785958.34
2025-06-28 09:00:00,0.802,0.814,0.793,0.809,2599414.19
2025-06-28 10:00:00,0.809,0.811,0.797,0.8,1172083.01
2025-06-28 11:00:00,0.8,0.811,0.8,0.802,1628518.48
2025-06-28 12:00:00,0.803,0.811,0.8,0.803,1149205.21
2025-06-28 13:00:00,0.803,0.807,0.794,0.796,1124699.14
2025-06-28 14:00:00,0.797,0.8,0.793,0.796,1122961.02
2025-06-28 15:00:00,0.796,0.81,0.796,0.808,1590945.36
2025-06-28 16:00:00,0.809,0.827,0.809,0.817,3855847.15
2025-06-28 17:00:00,0.818,0.833,0.808,0.833,2289828.43
2025-06-28 18:00:00,0.833,0.836,0.822,0.832,2450677.33
2025-06-28 19:00:00,0.832,0.838,0.825,0.827,3126075.19
2025-06-28 20:00:00,0.827,0.831,0.818,0.819,1144377.05
2025-06-28 21:00:00,0.819,0.835,0.817,0.833,1376867.21
2025-06-28 22:00:00,0.833,0.847,0.829,0.837,2546100.84
2025-06-28 23:00:00,0.838,0.841,0.825,0.83,1055373.99
2025-06-29 00:00:00,0.831,0.835,0.821,0.825,1613945.35
2025-06-29 01:00:00,0.825,0.826,0.818,0.82,1503972.11
2025-06-29 02:00:00,0.82,0.822,0.814,0.82,726633.89
2025-06-29 03:00:00,0.819,0.824,0.815,0.816,715614.9
2025-06-29 04:00:00,0.815,0.82,0.814,0.818,570107.47
2025-06-29 05:00:00,0.817,0.819,0.814,0.817,369685.91
2025-06-29 06:00:00,0.817,0.82,0.812,0.818,842766.24
2025-06-29 07:00:00,0.818,0.819,0.808,0.817,908646.87
2025-06-29 08:00:00,0.817,0.824,0.811,0.824,2454484.96
2025-06-29 09:00:00,0.824,0.842,0.818,0.832,4610427.46
2025-06-29 10:00:00,0.832,0.837,0.822,0.827,2528259.16
2025-06-29 11:00:00,0.827,0.829,0.821,0.826,791784.78
2025-06-29 12:00:00,0.826,0.846,0.82,0.845,4500829.67
2025-06-29 13:00:00,0.845,0.863,0.837,0.842,4777309.48
2025-06-29 14:00:00,0.842,0.853,0.833,0.837,2873327.18
2025-06-29 15:00:00,0.836,0.839,0.83,0.832,1585402.56
2025-06-29 16:00:00,0.832,0.841,0.826,0.84,1487249.54
2025-06-29 17:00:00,0.84,0.843,0.829,0.836,701813.73
2025-06-29 18:00:00,0.835,0.84,0.829,0.838,558003.91
2025-06-29 19:00:00,0.839,0.842,0.826,0.834,1456549.63
2025-06-29 20:00:00,0.833,0.833,0.825,0.826,922007.97
2025-06-29 21:00:00,0.827,0.846,0.822,0.841,1252300.36
2025-06-29 22:00:00,0.841,0.907,0.841,0.891,12113787.41
2025-06-29 23:00:00,0.891,0.895,0.866,0.87,4266322.33
2025-06-30 00:00:00,0.871,0.883,0.864,0.875,4045669.62
2025-06-30 01:00:00,0.875,0.875,0.856,0.861,2351977.47
2025-06-30 02:00:00,0.861,0.867,0.853,0.862,1310305.01
2025-06-30 03:00:00,0.862,0.868,0.855,0.861,1765142.6
2025-06-30 04:00:00,0.861,0.862,0.854,0.858,899249.82
2025-06-30 05:00:00,0.858,0.873,0.856,0.869,1337313.55
2025-06-30 06:00:00,0.869,0.876,0.851,0.862,3064785.9
2025-06-30 07:00:00,0.862,0.879,0.862,0.872,2641645.5
2025-06-30 08:00:00,0.872,0.874,0.855,0.857,2021089.13
2025-06-30 09:00:00,0.857,0.867,0.85,0.851,2166479.43
2025-06-30 10:00:00,0.85,0.854,0.843,0.848,1631236.24
2025-06-30 11:00:00,0.848,0.852,0.843,0.844,968691.2
2025-06-30 12:00:00,0.843,0.849,0.831,0.836,2851331.47
2025-06-30 13:00:00,0.836,0.842,0.831,0.836,1534499.84
2025-06-30 14:00:00,0.836,0.846,0.83,0.837,2248484.38
2025-06-30 15:00:00,0.837,0.883,0.831,0.87,9562865.44
2025-06-30 16:00:00,0.87,0.883,0.858,0.872,4522625.57
2025-06-30 17:00:00,0.872,0.881,0.867,0.87,2094132.78
2025-06-30 18:00:00,0.869,0.876,0.861,0.865,1902382.91
2025-06-30 19:00:00,0.865,0.887,0.864,0.884,2523743.9
2025-06-30 20:00:00,0.884,0.905,0.871,0.873,5387964.08
2025-06-30 21:00:00,0.873,0.881,0.865,0.871,1929516.68
2025-06-30 22:00:00,0.871,0.877,0.861,0.864,1809313.98
2025-06-30 23:00:00,0.864,0.87,0.859,0.867,974083.93
2025-07-01 00:00:00,0.867,0.87,0.858,0.861,1297841.2
2025-07-01 01:00:00,0.861,0.868,0.858,0.859,948828.43
2025-07-01 02:00:00,0.859,0.863,0.85,0.851,1695733.26
2025-07-01 03:00:00,0.851,0.856,0.848,0.852,1120556.37
2025-07-01 04:00:00,0.852,0.855,0.836,0.837,3240373.54
2025-07-01 05:00:00,0.838,0.839,0.821,0.829,5893321.16
2025-07-01 06:00:00,0.828,0.837,0.824,0.83,1581016.74
2025-07-01 07:00:00,0.831,0.835,0.823,0.833,3031120.96
2025-07-01 08:00:00,0.833,0.833,0.81,0.814,3532209.62
2025-07-01 09:00:00,0.814,0.818,0.808,0.815,1424372.92
2025-07-01 10:00:00,0.815,0.818,0.811,0.815,959092.44
2025-07-01 11:00:00,0.815,0.817,0.804,0.808,1665553.43
2025-07-01 12:00:00,0.807,0.812,0.8,0.803,2217120.42
2025-07-01 13:00:00,0.802,0.811,0.797,0.81,1978659.22
2025-07-01 14:00:00,0.81,0.819,0.803,0.812,3094261.67
2025-07-01 15:00:00,0.811,0.813,0.798,0.803,1748293.74
2025-07-01 16:00:00,0.803,0.808,0.801,0.805,1072262.64
2025-07-01 17:00:00,0.804,0.805,0.798,0.803,878708.07
2025-07-01 18:00:00,0.803,0.803,0.786,0.789,1823445.29
2025-07-01 19:00:00,0.788,0.798,0.786,0.791,2368773.83
2025-07-01 20:00:00,0.792,0.798,0.788,0.794,1944896.94
2025-07-01 21:00:00,0.793,0.798,0.788,0.793,1649497.56
2025-07-01 22:00:00,0.793,0.794,0.786,0.787,689749.66
2025-07-01 23:00:00,0.786,0.787,0.779,0.783,1557984.77
2025-07-02 00:00:00,0.784,0.791,0.779,0.786,999373.99
2025-07-02 01:00:00,0.785,0.798,0.778,0.796,1640450.96
2025-07-02 02:00:00,0.796,0.797,0.787,0.792,1094615.51
2025-07-02 03:00:00,0.791,0.795,0.784,0.788,1433992.14
2025-07-02 04:00:00,0.787,0.8,0.784,0.8,1531015.28
2025-07-02 05:00:00,0.8,0.808,0.792,0.807,1844040.27
2025-07-02 06:00:00,0.807,0.813,0.802,0.81,2889584.17
2025-07-02 07:00:00,0.811,0.811,0.795,0.798,1791034.97
2025-07-02 08:00:00,0.798,0.812,0.798,0.805,2873334.03
2025-07-02 09:00:00,0.805,0.811,0.804,0.805,965202.97
2025-07-02 10:00:00,0.805,0.812,0.801,0.809,1135563.54
2025-07-02 11:00:00,0.809,0.816,0.803,0.806,3604610.93
2025-07-02 12:00:00,0.807,0.807,0.793,0.802,1354727.05
2025-07-02 13:00:00,0.802,0.823,0.802,0.815,3057929.06
2025-07-02 14:00:00,0.816,0.83,0.814,0.828,2409473.68
2025-07-02 15:00:00,0.829,0.853,0.827,0.85,6647283.3
2025-07-02 16:00:00,0.85,0.882,0.832,0.877,13078956.07
2025-07-02 17:00:00,0.878,0.898,0.862,0.875,15099280.81
2025-07-02 18:00:00,0.876,0.888,0.873,0.887,3779586.92
2025-07-02 19:00:00,0.888,0.903,0.882,0.896,4359239.84
2025-07-02 20:00:00,0.896,0.922,0.891,0.908,8816187.75
2025-07-02 21:00:00,0.908,0.923,0.902,0.922,5715974.0
2025-07-02 22:00:00,0.922,0.934,0.916,0.918,4071723.95
2025-07-02 23:00:00,0.918,0.922,0.906,0.909,5933430.81
2025-07-03 00:00:00,0.909,0.923,0.905,0.921,4712636.85
2025-07-03 01:00:00,0.921,0.934,0.914,0.931,5304670.17
2025-07-03 02:00:00,0.931,0.933,0.912,0.923,3529040.73
2025-07-03 03:00:00,0.923,0.932,0.916,0.917,1549815.64
2025-07-03 04:00:00,0.917,0.93,0.912,0.926,8010699.3
2025-07-03 05:00:00,0.926,0.956,0.922,0.945,8093237.14
2025-07-03 06:00:00,0.946,0.948,0.925,0.939,4136570.73
